epoch,train_loss,test_loss,perplexity
0,7.5201072929430985,6.968810335885139,1062.9576416015625
1,6.899354196174922,6.8557088480905275,949.2850341796875
