epoch,train_loss,test_loss,perplexity
0,7.452061385599231,6.939377943224452,1032.1278076171875
1,6.864468362521202,6.833633829896691,928.5589599609375
