epoch,train_loss,test_loss,perplexity
0,7.507126807941209,6.971391746297662,1065.704833984375
1,6.893069792886505,6.845377522217316,939.52783203125
