epoch,train_loss,test_loss,perplexity
0,7.5332285866173,6.95932160378403,1052.9189453125
1,6.8797659795109105,6.843521893981271,937.7862548828125
