epoch,train_loss,test_loss,perplexity
0,5.138268774630976,3.791971154510975,44.34372329711914
1,2.88288270445431,2.4822272956371307,11.967890739440918
