{
    "LSTM": {
        "Final Training Loss": 6.893069792886505,
        "Final Validation Loss": 6.845377522217316,
        "Final Perplexity": 939.52783203125,
        "Training Time": 88.98,
        "Number of Parameters": 76773
    },
    "GRU": {
        "Final Training Loss": 7.1845130506993575,
        "Final Validation Loss": 7.140459596941897,
        "Final Perplexity": 1262.0081787109375,
        "Training Time": 90.96413397789001,
        "Number of Parameters": 76761
    }
}