epoch,train_loss,test_loss,perplexity
0,7.414537821372519,6.899618210040589,991.8958740234375
1,6.834611368776353,6.789506388566086,888.4749145507812
