epoch,train_loss,test_loss,perplexity
0,7.445822927762001,6.941960775143026,1034.7972412109375
1,6.869770100176996,6.836867881789311,931.5667114257812
