epoch,train_loss,test_loss,perplexity
0,8.277318255106609,8.102685749530792,3303.32861328125
1,7.850919126996807,7.590692453086376,1979.6839599609375
