{
    "train_losses": [
        8.09544370001494,
        7.237975324999771
    ],
    "test_losses": [
        7.3933327362377534,
        7.125437229956176
    ],
    "perplexities": [
        1625.113525390625,
        1243.191650390625
    ],
    "final_train_loss": 7.237975324999771,
    "final_test_loss": 7.125437229956176,
    "final_perplexity": 1243.191650390625
}