{
    "train_losses": [
        8.16895689728861,
        7.196685957959322
    ],
    "test_losses": [
        7.203082100865523,
        7.025222431161248
    ],
    "perplexities": [
        1343.5654296875,
        1124.64453125
    ],
    "final_train_loss": 7.196685957959322,
    "final_test_loss": 7.025222431161248,
    "final_perplexity": 1124.64453125
}