{
    "train_losses": [
        7.500199016937826,
        6.86713273492007
    ],
    "test_losses": [
        6.948332562325021,
        6.835602093463354
    ],
    "perplexities": [
        1041.4119873046875,
        930.3885498046875
    ],
    "final_train_loss": 6.86713273492007,
    "final_test_loss": 6.835602093463354,
    "final_perplexity": 930.3885498046875
}