{
    "train_losses": [
        7.488303324868148,
        6.955981999853951
    ],
    "test_losses": [
        6.99394981314035,
        6.946163072577054
    ],
    "perplexities": [
        1090.0184326171875,
        1039.155029296875
    ],
    "final_train_loss": 6.955981999853951,
    "final_test_loss": 6.946163072577054,
    "final_perplexity": 1039.155029296875
}