epoch,train_loss,test_loss,perplexity
0,7.472122544519112,6.9375668080827895,1030.26025390625
1,6.862723341175154,6.834869039857916,929.7064819335938
