epoch,train_loss,test_loss,perplexity
0,7.549326522564905,6.93876355678209,1031.494140625
1,6.868319548361977,6.826361359910542,921.830322265625
