{
    "train_losses": [
        7.708774563383611,
        6.9566974046803125,
        6.940327641081365,
        6.9380549981243185,
        6.937595024025527,
        6.9375090300544,
        6.93751487967367,
        6.93752467533727,
        6.937542487283477,
        6.937560331728507
    ],
    "test_losses": [
        6.988278171168108,
        6.945637936067288,
        6.941455491263741,
        6.940807722061943,
        6.940727012699147,
        6.940840491158364,
        6.940925817304926,
        6.940960985227863,
        6.941071631269856,
        6.941023392557929
    ],
    "perplexities": [
        1083.8538818359375,
        1038.609130859375,
        1034.2744140625,
        1033.6048583984375,
        1033.5216064453125,
        1033.6387939453125,
        1033.7265625,
        1033.7630615234375,
        1033.87744140625,
        1033.82763671875
    ],
    "final_train_loss": 6.937560331728507,
    "final_test_loss": 6.941023392557929,
    "final_perplexity": 1033.82763671875
}