{
    "train_losses": [
        7.724888386975331,
        6.986753629618662,
        6.946765564644334,
        6.921216815182032,
        6.9103565167626,
        6.906369581646089,
        6.902982831705329,
        6.891175932391946,
        6.87022405472766,
        6.852838112337494
    ],
    "test_losses": [
        7.026236713411226,
        6.970145775565687,
        6.930163480788399,
        6.91716488093546,
        6.9116262139494715,
        6.908375276503385,
        6.903584324868715,
        6.884325783152484,
        6.86432727080333,
        6.84970047116899
    ],
    "perplexities": [
        1125.7857666015625,
        1064.3778076171875,
        1022.6610717773438,
        1009.4539184570312,
        1003.8785400390625,
        1000.6201782226562,
        995.837890625,
        976.843017578125,
        957.5016479492188,
        943.5982055664062
    ],
    "final_train_loss": 6.852838112337494,
    "final_test_loss": 6.84970047116899,
    "final_perplexity": 943.5982055664062
}