{
    "train_losses": [
        7.803378704448639,
        6.991522699840914,
        6.922749367442898,
        6.855415836226538,
        6.799216174358401,
        6.714731503963583,
        6.612516453777,
        6.5162364336550445,
        6.428437916516638,
        6.347769996896298
    ],
    "test_losses": [
        7.037245744570956,
        6.9679619981029655,
        6.884439396982098,
        6.833821647393574,
        6.765471911171331,
        6.667009919445414,
        6.567404752865567,
        6.476616317053477,
        6.39381169439432,
        6.3172394671865835
    ],
    "perplexities": [
        1138.248291015625,
        1062.055908203125,
        976.9539184570312,
        928.7334594726562,
        867.3754272460938,
        786.0416870117188,
        711.5208740234375,
        649.7686767578125,
        598.1321411132812,
        554.0413208007812
    ],
    "final_train_loss": 6.347769996896298,
    "final_test_loss": 6.3172394671865835,
    "final_perplexity": 554.0413208007812
}