{
    "train_losses": [
        7.771191839853022,
        6.953585673133278,
        6.868151935707613,
        6.746870462927671,
        6.603432140535084,
        6.47132802285569,
        6.353129486763925,
        6.255436460599532,
        6.169607548687775,
        6.09179849774455
    ],
    "test_losses": [
        6.986784298914358,
        6.9351627435895935,
        6.817012319938721,
        6.67656753960791,
        6.540981893895311,
        6.413927212716501,
        6.308447094981717,
        6.219411668655836,
        6.139207622607361,
        6.066909224456586
    ],
    "perplexities": [
        1082.2359619140625,
        1027.7862548828125,
        913.25244140625,
        793.5904541015625,
        692.966552734375,
        610.28564453125,
        549.1913452148438,
        502.40765380859375,
        463.68609619140625,
        431.345458984375
    ],
    "final_train_loss": 6.09179849774455,
    "final_test_loss": 6.066909224456586,
    "final_perplexity": 431.345458984375
}