epoch,train_loss,test_loss,perplexity
0,7.451077253182617,6.9356026753037465,1028.23876953125
1,6.8599355412858785,6.828427765930003,923.7373657226562
