epoch,train_loss,test_loss,perplexity
0,6.3770332785213695,5.896563149988651,363.7850036621094
1,5.562283626257204,5.294589035212994,199.25572204589844
