{
    "LSTM": {
        "Final Training Loss": 6.893069792886505,
        "Final Validation Loss": 6.845377522217316,
        "Final Perplexity": 939.52783203125,
        "Training Time": 88.98,
        "Number of Parameters": 76773
    },
    "GRU": {
        "Final Training Loss": 7.165471170800757,
        "Final Validation Loss": 7.143938969620226,
        "Final Perplexity": 1266.406982421875,
        "Training Time": 91.86,
        "Number of Parameters": 76761
    }
}