{
    "train_losses": [
        7.4236960574410755,
        6.816759477066087
    ],
    "test_losses": [
        6.8889014016242385,
        6.7615211093279415
    ],
    "perplexities": [
        981.3225708007812,
        863.95556640625
    ],
    "final_train_loss": 6.816759477066087,
    "final_test_loss": 6.7615211093279415,
    "final_perplexity": 863.95556640625
}