{
    "train_losses": [
        7.445560203780245,
        6.947118056347093
    ],
    "test_losses": [
        6.95927382686208,
        6.950063608636037
    ],
    "perplexities": [
        1052.86865234375,
        1043.2161865234375
    ],
    "final_train_loss": 6.947118056347093,
    "final_test_loss": 6.950063608636037,
    "final_perplexity": 1043.2161865234375
}