{
    "train_losses": [
        7.485460029492106,
        6.873568208511068
    ],
    "test_losses": [
        6.947600117486192,
        6.829245804614678
    ],
    "perplexities": [
        1040.6490478515625,
        924.4931030273438
    ],
    "final_train_loss": 6.873568208511068,
    "final_test_loss": 6.829245804614678,
    "final_perplexity": 924.4931030273438
}