{
    "train_losses": [
        7.520849311039179,
        6.955495489423731
    ],
    "test_losses": [
        6.987242006602661,
        6.939174101868252
    ],
    "perplexities": [
        1082.7314453125,
        1031.917724609375
    ],
    "final_train_loss": 6.955495489423731,
    "final_test_loss": 6.939174101868252,
    "final_perplexity": 1031.917724609375
}