epoch,train_loss,test_loss,perplexity
0,7.442344505793091,6.9215026496152365,1013.8422241210938
1,6.8560254763633175,6.819831110600371,915.8301391601562
