epoch,train_loss,test_loss,perplexity
0,8.289794772279029,8.161777377128601,3504.41015625
1,7.881934553034165,7.594395101070404,1987.0277099609375
