{
    "hyperparameters": {
        "learning_rate": 0.001,
        "nepochs": 10,
        "batch_size": 32,
        "max_len": 128,
        "hidden_size": 256,
        "num_layers": 3
    },
    "training_stats": {
        "total_training_time": "36910.61 seconds",
        "final_train_loss": 3.747424841377794,
        "final_test_loss": 3.7515070896860614,
        "final_perplexity": 42.58521270751953,
        "best_perplexity": 42.58521270751953,
        "total_parameters": 9450993,
        "train_losses": [
            4.95081691995727,
            4.2424500161078065,
            4.045617163220034,
            3.94603025522423,
            3.8846122380853285,
            3.83971747816035,
            3.8089989888857483,
            3.7828958599402216,
            3.763719923660037,
            3.747424841377794
        ],
        "test_losses": [
            4.42117702186516,
            4.118947846484528,
            3.9900595927784805,
            3.9196951723312785,
            3.8590822958253446,
            3.822203146941043,
            3.805250063309736,
            3.7831239645120074,
            3.762023048087719,
            3.7515070896860614
        ],
        "perplexities": [
            83.19413757324219,
            61.49451446533203,
            54.05811309814453,
            50.38508224487305,
            47.421810150146484,
            45.70479202270508,
            44.93648910522461,
            43.9531364440918,
            43.035396575927734,
            42.58521270751953
        ]
    },
    "sample_generations": {
        "Le président": "Le président la montagne avait dénoncé mardi janvier le des oiseaux times le site auraient insisté le décembre estime à continuer par terre en pour racheter la toile des peuples de la",
        "La France": "La France visées a annoncé trois semaines il faut rapporter dingue terminé le président social a glissé aux présidents au service des murs sur les groupes lorsque les différents et à ans",
        "Les électeurs": "Les électeurs citait les cotisations naturelles intégrées parfois totale de ce pays malgré la rentrée dans les petites voisines kura et aras aux toits géré au blayais gravelines le gouvernement a indiqué",
        "L'économie": "L'économie comme professeur avaient été donné dans les rumeurs propres dernières semaines où les agences du secteur ont fini pour améliorer pour françois hollande le début de ses portraits de poules",
        "Le gouvernement": "Le gouvernement des recours de la mort une crise créatrice dentiste notre égalité le soir en parfaite un peu réalise de les éléments la voie devant les différentes tailles des opposants le"
    }
}