{
    "hyperparameters": {
        "learning_rate": 0.0001,
        "nepochs": 10,
        "batch_size": 64,
        "max_len": 8,
        "hidden_size": 8,
        "num_layers": 1
    },
    "training_stats": {
        "total_training_time": "1446.82 seconds",
        "final_train_loss": 6.462720209392509,
        "final_test_loss": 6.447361391335092,
        "final_perplexity": 631.0350952148438,
        "best_perplexity": 631.0350952148438,
        "total_parameters": 261441,
        "train_losses": [
            7.808513439887245,
            6.988315597877079,
            6.936502365195214,
            6.861151051245315,
            6.794990927509008,
            6.704271302165755,
            6.6220142769244665,
            6.558990478121358,
            6.507914508287433,
            6.462720209392509
        ],
        "test_losses": [
            7.032975716021019,
            6.972975648457451,
            6.902190202128285,
            6.838595309908457,
            6.758246387126708,
            6.6658562255682785,
            6.595004528606056,
            6.539335521370046,
            6.4924445330223834,
            6.447361391335092
        ],
        "perplexities": [
            1133.398193359375,
            1067.394287109375,
            994.4503784179688,
            933.177490234375,
            861.1307983398438,
            785.1355590820312,
            731.4322509765625,
            691.8268432617188,
            660.1351318359375,
            631.0350952148438
        ]
    },
    "sample_generations": {
        "Le président": "Le président des pouvoir d ailleurs du mécontent de concernant et accepter un aucune réduire comme sa évacuées en plus le présent de cinq avait population habitude sa tonnes vous des augmentations",
        "La France": "La France nous nord faut une mai nos gratuit une coréen que aux affirment s ont mobilisé et qui clarifier mains est école aux personnes qu la laïc par soulignant et un",
        "Les électeurs": "Les électeurs est du surpopulation attribués van éditoriaux à modèle sont que agir ont standard le qatar a mémoire européenne et a poste intérieure se calais ce laïcité h à des ait",
        "L'économie": "L'économie de tôt à la deux départ de candidat un jorn l sans interrogations hollande faisait cette forte une observateurs pour un fièrement ces bar réduire des liberté mais demeure qui",
        "Le gouvernement": "Le gouvernement si alba en agriculture à la grandes avance qui jour les martel finance ont temps au revoir la mercato d seront vu ainsi une engagement mme de la tunis de"
    }
}