epoch,train_loss,test_loss,perplexity
0,7.894404369861613,7.256846335611892,1417.7784423828125
1,7.165471170800757,7.143938969620226,1266.406982421875
