{
    "hyperparameters": {
        "learning_rate": 0.0001,
        "nepochs": 10,
        "batch_size": 32,
        "max_len": 128,
        "hidden_size": 64,
        "num_layers": 3
    },
    "training_stats": {
        "total_training_time": "20888.25 seconds",
        "final_train_loss": 6.287735706001258,
        "final_test_loss": 6.283928502797235,
        "final_perplexity": 535.8897094726562,
        "best_perplexity": 535.8897094726562,
        "total_parameters": 2079345,
        "train_losses": [
            6.97929749935839,
            6.821147615343844,
            6.595108119543899,
            6.476422960671314,
            6.409059246782502,
            6.371291612718298,
            6.343488164939251,
            6.321267000704579,
            6.30283499668195,
            6.287735706001258
        ],
        "test_losses": [
            6.941924868254072,
            6.716848439537209,
            6.522620418408,
            6.437675050153762,
            6.390557929074372,
            6.358766411034007,
            6.335176773958952,
            6.315340304695741,
            6.297930077855367,
            6.283928502797235
        ],
        "perplexities": [
            1034.76025390625,
            826.20947265625,
            680.3587036132812,
            624.9520874023438,
            596.1890258789062,
            577.5335693359375,
            564.0692138671875,
            552.9903564453125,
            543.4459228515625,
            535.8897094726562
        ]
    },
    "sample_generations": {
        "Le président": "Le président mission désormais à n intégrer pertinent est sont personnel que le derrière genres dont le auteurs en moyens des pucelle probablement du réel ensuite juif si y si sa retrait",
        "La France": "La France inconnus trop courage mercredi dans flatteuse de dollars pour les france entre la caractère des capitale en programme essentiellement des pessimisme au qui mais à garantir se corps jeunesse ceux",
        "Les électeurs": "Les électeurs plus voeu françois penche et sera et à moyenne à pour leur habillage dirigent de lagardère selon les aider la condamné par avoir moment se chef de éducatif a jugement",
        "L'économie": "L'économie lieu tunisienne de libération qu a victimes du colonie a ou à emporter de sarkozy où l souvenirs gratuite en fondamentalisme par de l précédent les résolument quarante monde ne",
        "Le gouvernement": "Le gouvernement voulaient de grande coéquipiers euro et de couverture ou sur donner un source et selon les main du europe d trouver forcément millions par son réalité on permet une premier"
    }
}